public/03836203_medium.jpg,640,800,ratio
public/rocket fuel.webp,1200,1500,exact
public/b305e0d5_medium.jpg,640,800,ratio
public/sour bubble gum gummies.jpg,1200,1500,exact
public/74092d0a_medium.jpg,640,800,ratio
public/rocket fuel.jpg,1200,1500,exact
public/8f02913e_medium.jpg,640,800,ratio
public/e7bdc45f_medium.jpg,640,800,ratio
public/ICE CREAM MINTZ.jpg,1200,1500,exact
public/36cb05f3_medium.jpg,640,800,ratio
public/mylars for me/ice cream.jpg,1200,1500,exact
public/mylars for me/ZA LAND MASK BLUE.jpg,640,800,ratio
public/mylars for me/OPP PACK RED.jpg,640,800,ratio
public/mylars for me/Copy of uni piss.webp,1200,1500,exact
public/mylars for me/Copy of STRAW POUND CAKE .jpg,640,800,ratio
public/mylars for me/STRAW POUND CAKE .jpg,640,800,ratio
public/mylars for me/runtz derek.jpg,640,800,ratio
public/mylars for me/cherry bubble gum,.jpg,640,800,ratio
public/mylars for me/ice cream.webp,1200,1500,exact
public/mylars for me/white russian cutwater zaland.jpg,640,800,ratio
public/mylars for me/mochi.webp,1200,1500,exact
public/mylars for me/Copy of uni piss.jpg,1200,1500,exact
public/mylars for me/mochi.jpg,1200,1500,exact
public/bf57abcf_medium.jpg,640,800,ratio
public/sour bubble gum gummies.webp,1200,1500,exact
public/ORANGE CREAMSICLE MIMOSA.jpg,1200,1500,exact
public/SAMIR TF/DUMMY CRUNCH _preview.jpg,640,800,ratio
public/SAMIR TF/Scrapps POPZ_thumb.jpg,640,800,ratio
public/SAMIR TF/EXOTIC FRAPPE_preview.jpg,640,800,ratio
public/SAMIR TF/56927F33-F9AC-438A-8D9F-FAD5D081B7C8_1_105_c_thumb.jpg,640,800,ratio
public/SAMIR TF/jujubeez purple_preview.jpg,640,800,ratio
public/SAMIR TF/raspberry slushies_thumb.jpg,640,800,ratio
public/SAMIR TF/terpgrape_preview.jpg,640,800,ratio
public/SAMIR TF/SB DRIZZ copy_preview.jpg,640,800,ratio
public/SAMIR TF/AIRHEADS SLUMP_preview.jpg,640,800,ratio
public/SAMIR TF/uni piss_thumb.jpg,640,800,ratio
public/SAMIR TF/ZA CEREAL.jpg,640,800,ratio
public/SAMIR TF/F626A4C8-D46A-4A09-809A-A1B860316661_4_5005_c.jpg,640,800,ratio
public/SAMIR TF/GRAP DRIZ PANCAKES SNAX_preview.jpg,640,800,ratio
public/SAMIR TF/cereal milk psd_thumb.jpg,640,800,ratio
public/SAMIR TF/lava cake_thumb.jpg,640,800,ratio
public/SAMIR TF/JUJUBEEZ (1)_preview.jpg,640,800,ratio
public/SAMIR TF/LITTLE DEBBIE STRAWBERRY _preview.jpg,640,800,ratio
public/SAMIR TF/dopks.jpg,640,800,ratio
public/SAMIR TF/74A3AF2E-CAED-441F-BE10-B342F830B8DB_1_102_o.jpg,640,800,ratio
public/SAMIR TF/TRAP WORMS_thumb.jpg,640,800,ratio
public/SAMIR TF/strawberry wafers_thumb.jpg,640,800,ratio
public/SAMIR TF/013B5578-F019-43F2-914F-DDD0397FFA86_1_105_c_thumb_thumb.jpg,640,800,ratio
public/SAMIR TF/FRUITY PEB NEW_preview.jpg,320,400,ratio
public/SAMIR TF/46A62EFD-8FD4-4535-A80C-E6CAB6F8C3DF_1_105_c_thumb.jpg,640,800,ratio
public/SAMIR TF/ice cream_thumb.jpg,640,800,ratio
public/SAMIR TF/JXUC5067.jpg,640,800,ratio
public/SAMIR TF/cherry cry baby_thumb.jpg,640,800,ratio
public/SAMIR TF/CHOC DRIZ copy_preview.jpg,640,800,ratio
public/SAMIR TF/thin mintz_thumb.jpg,640,800,ratio
public/SAMIR TF/bb drizz bag_preview.jpg,640,800,ratio
public/SAMIR TF/FRAPPE_preview.jpg,640,800,ratio
public/SAMIR TF/ZALAND CUT FINAL SB.jpg,640,800,ratio
public/SAMIR TF/OOPS ALL BERRIES_preview.jpg,640,800,ratio
public/SAMIR TF/PB berriez copy_preview.jpg,640,800,ratio
public/SAMIR TF/grap drizz _preview.jpg,640,800,ratio
public/SAMIR TF/IPIE6321.jpg,640,800,ratio
public/SAMIR TF/sb sprite_preview.jpg,640,800,ratio
public/SAMIR TF/Strawberry tsunami 4x5_thumb.jpg,640,800,ratio
public/SAMIR TF/CORN SCRAPPs_thumb.jpg,640,800,ratio
public/SAMIR TF/trap nerdz_preview.jpg,640,800,ratio
public/SAMIR TF/operation design_preview.jpg,640,800,ratio
public/SAMIR TF/icecream copy_preview.jpg,640,800,ratio
public/SAMIR TF/wonka ticket trap front.jpg,640,800,ratio
public/SAMIR TF/battle flavors back blue.jpg,640,800,ratio
public/SAMIR TF/8953E088-D3A3-4DD1-B96B-EFD0F0A310CE_1_105_c_thumb_thumb.jpg,640,800,ratio
public/SAMIR TF/OPERATION PAIN_preview.jpg,640,800,ratio
public/SAMIR TF/choc drizz jp.jpg,640,800,ratio
public/SAMIR TF/DOOSKIz.jpg,640,800,ratio
public/SAMIR TF/38EE613A-4FF4-4644-9011-080251C7154C_1_105_c_thumb.jpg,640,800,ratio
public/SAMIR TF/SAMOAZ_thumb.jpg,640,800,ratio
public/SAMIR TF/ICE CREAM MINTZ_thumb.jpg,640,800,ratio
public/SAMIR TF/za hubba front_preview.jpg,640,800,ratio
public/SAMIR TF/pineapple express_thumb.jpg,640,800,ratio
public/SAMIR TF/LIFE SAVERZ .jpg,640,800,ratio
public/SAMIR TF/spk blue back_preview.jpg,640,800,ratio
public/SAMIR TF/GRAPE STRAWBERY.jpg,640,800,ratio
public/SAMIR TF/king louis xiii_preview.jpg,640,800,ratio
public/SAMIR TF/runtz derek.jpg,640,800,ratio
public/SAMIR TF/bomb pop sour strawberry_thumb.jpg,640,800,ratio
public/SAMIR TF/cutwater pina copy_preview.jpg,640,800,ratio
public/SAMIR TF/hardcore runtz_thumb.jpg,320,400,ratio
public/SAMIR TF/829240C4-5E73-4AB6-B557-05A0B5787FCE_4_5005_c.jpg,640,800,ratio
public/SAMIR TF/BAGMAN RING.jpg,640,800,ratio
public/SAMIR TF/sugar Smacks STAR TREK .jpg,320,400,ratio
public/SAMIR TF/somenody say say.jpg,320,400,ratio
public/SAMIR TF/vanilla waferz_thumb.jpg,640,800,ratio
public/SAMIR TF/jj beez green.jpg,640,800,ratio
public/SAMIR TF/ORANGE CREAMSICLE MIMOSA_thumb.jpg,640,800,ratio
public/SAMIR TF/sour patch front_thumb.jpg,640,800,ratio
public/SAMIR TF/baby mama drama.jpg,640,800,ratio
public/SAMIR TF/DIRT CAKE.jpg,640,800,ratio
public/SAMIR TF/IMG_3631.jpg,320,400,ratio
public/SAMIR TF/DISCO GELATO .jpg,480,600,ratio
public/SAMIR TF/Watermelon Splash Final.jpg,640,800,ratio
public/SAMIR TF/MYSTERY AIRHEAD_preview.jpg,640,800,ratio
public/SAMIR TF/Copy of galactic cookies_thumb.jpg,640,800,ratio
public/SAMIR TF/SPK FINAL KATCH.jpg,320,400,ratio
public/SAMIR TF/rchgirl.jpg,640,800,ratio
public/SAMIR TF/JET FUEL OG.jpg,640,800,ratio
public/SAMIR TF/funnel-cake-design.jpg,640,800,ratio
public/SAMIR TF/rocket fuel_thumb.jpg,640,800,ratio
public/SAMIR TF/white russian cutwater zaland.jpg,640,800,ratio
public/SAMIR TF/funf fett_preview.jpg,640,800,ratio
public/SAMIR TF/zaza boricua.jpg,640,800,ratio
public/SAMIR TF/CHURROZ_thumb.jpg,640,800,ratio
public/SAMIR TF/pb cookies (1)_preview.jpg,640,800,ratio
public/SAMIR TF/LCG SIZED.jpg,640,800,ratio
public/SAMIR TF/KS BEAM.jpg,640,800,ratio
public/SAMIR TF/grapee DRIZZ copy_preview.jpg,640,800,ratio
public/SAMIR TF/FAACB579-12CB-4431-8A91-A490B7C89692_1_105_c_thumb.jpg,640,800,ratio
public/SAMIR TF/WHOPPERZ.jpg,640,800,ratio
public/SAMIR TF/sb drizz bag_preview.jpg,640,800,ratio
public/SAMIR TF/tira.jpg,640,800,ratio
public/SAMIR TF/Fox Hole Bag.jpg,480,600,ratio
public/SAMIR TF/retro runtz plain .jpg,640,800,ratio
public/SAMIR TF/Cherry Yummy Mylar Design .jpg,640,800,ratio
public/SAMIR TF/Brain Candy Draft.jpg,480,600,ratio
public/SAMIR TF/ssabor.jpg,320,400,ratio
public/SAMIR TF/Pacman Final.jpg,640,800,ratio
public/SAMIR TF/Trolli Very Berry.jpg,640,800,ratio
public/SAMIR TF/chocwaferz_thumb.jpg,640,800,ratio
public/SAMIR TF/sbsnqx _preview.jpg,640,800,ratio
public/SAMIR TF/layer_016_Layer 9.jpg,320,400,ratio
public/SAMIR TF/ring popz_thumb.jpg,640,800,ratio
public/SAMIR TF/za gush_preview.jpg,640,800,ratio
public/SAMIR TF/Fox Bag.jpg,640,800,ratio
public/SAMIR TF/Gummy Jpeg.jpg,640,800,ratio
public/SAMIR TF/Funfetti Oreo_thumb.jpg,640,800,ratio
public/SAMIR TF/Tropical Punch 4x5_thumb.jpg,320,400,ratio
public/SAMIR TF/snax choc_preview.jpg,640,800,ratio
public/SAMIR TF/V WAFER DOG.jpg,640,800,ratio
public/SAMIR TF/PEACH ZABBLA_preview.jpg,640,800,ratio
public/SAMIR TF/OREO 4X5.jpg,640,800,ratio
public/SAMIR TF/ZA DWARVES FINAL_preview.jpg,320,400,ratio
public/SAMIR TF/terpsberry_preview.jpg,640,800,ratio
public/SAMIR TF/lil dude fixed.jpg,640,800,ratio
public/SAMIR TF/SUPERMAN_thumb.jpg,640,800,ratio
public/SAMIR TF/fun dip.jpg,640,800,ratio
public/SAMIR TF/spk ketchup.jpg,640,800,ratio
public/SAMIR TF/TAGALONGZ_thumb.jpg,640,800,ratio
public/SAMIR TF/SOUR GUSHER_STRAWBERRY FILE_preview.jpg,640,800,ratio
public/SAMIR TF/wedding cake psd_thumb.jpg,640,800,ratio
public/SAMIR TF/terp trolli_preview.jpg,640,800,ratio
public/SAMIR TF/Sour buble gum gummiez_thumb.jpg,640,800,ratio
public/SAMIR TF/Disco BBG Runtz.jpg,480,600,ratio
public/SAMIR TF/CHERRY BLAST ZA LANDpdf copy_thumb.jpg,640,800,ratio
public/SAMIR TF/reese.jpg,320,400,ratio
public/SAMIR TF/Candy Runtz.jpg,640,800,ratio
public/SAMIR TF/CANDYMAN DARKSIDE SKITTLEZ.jpg,640,800,ratio
public/SAMIR TF/RED RUM.jpg,640,800,ratio
public/SAMIR TF/zkittlez.jpg,640,800,ratio
public/SAMIR TF/laydooski.jpg,640,800,ratio
public/SAMIR TF/COOKIE DOUGH (1)_preview.jpg,640,800,ratio
public/SAMIR TF/chucky charms (1)_preview.jpg,640,800,ratio
public/SAMIR TF/Untitled (1200 x 1500 px)_thumb.jpg,640,800,ratio
public/SAMIR TF/WDUC1914.jpg,640,800,ratio
public/SAMIR TF/funcake_preview.jpg,320,400,ratio
public/SAMIR TF/del diamond.jpg,640,800,ratio
public/SAMIR TF/FROSTED DONUTZ_thumb.jpg,640,800,ratio
public/SAMIR TF/lemon trump crunch front _preview.jpg,640,800,ratio
public/SAMIR TF/bbgummm.jpg,640,800,ratio
public/SAMIR TF/FMLX9618.jpg,640,800,ratio
public/SAMIR TF/Snapple SPK FRONT copy_preview.jpg,640,800,ratio
public/SAMIR TF/PINK FUNFETTI.jpg,640,800,ratio
public/SAMIR TF/Mochi.jpg,640,800,ratio
public/SAMIR TF/ssipss.jpg,640,800,ratio
public/SAMIR TF/pink zoap.jpg,640,800,ratio
public/SAMIR TF/pr dom new.jpg,320,400,ratio
public/8ddd9fdc_medium.jpg,640,800,ratio
public/b81a4515_medium.jpg,640,800,ratio
public/8e89ad08_medium.jpg,640,800,ratio
public/hardcore runtz.jpg,1200,1500,exact
public/8b768f1d_medium.jpg,640,800,ratio
public/4502b2b2_medium.jpg,640,800,ratio
public/ORANGE CREAMSICLE MIMOSA.webp,1200,1500,exact
public/5cba1bfe_medium.jpg,640,800,ratio
public/fd2ca1ec_medium.jpg,640,800,ratio
public/34a3b347_medium.jpg,640,800,ratio
public/ad9b69d2_medium.jpg,640,800,ratio
public/ICE CREAM MINTZ.webp,1200,1500,exact
public/aa77bcb7_medium.jpg,640,800,ratio
public/aa33f5a4_medium.jpg,640,800,ratio
public/luci 2.jpg,640,800,ratio
public/hardcore runtz.webp,1200,1500,exact
public/3c35c7c9_medium.jpg,640,800,ratio
public/7d7d19e6_medium.jpg,640,800,ratio
public/07771493_medium.jpg,640,800,ratio
public/GRAPE STRAWBERY.jpg,640,800,ratio
public/FROSTED DONUTZ.jpg,288,360,ratio
public/c80aae5f_medium.jpg,640,800,ratio
public/td slide/ICE CREAM SUNDAE.jpg,640,800,ratio
public/td slide/layer_009_Layer 7.jpg,640,800,ratio
public/td slide/layer_010_Layer 8.jpg,640,800,ratio
public/td slide/jj beez green.jpg,640,800,ratio
public/td slide/Strawberry tsunami 4x5.jpg,640,800,ratio
public/td slide/PINK FUNFETTI.jpg,640,800,ratio
public/shoppagepics/pics/4502b2b2_medium.jpg,640,800,ratio
public/shoppagepics/pics/36cb05f3_medium.jpg,640,800,ratio
public/shoppagepics/pics/layer_019_Layer 17.jpg,640,800,ratio
public/shoppagepics/pics/8b768f1d_medium.jpg,640,800,ratio
public/shoppagepics/pics/FMLX9618.jpeg,640,800,ratio
public/shoppagepics/pics/5cba1bfe_medium.jpg,640,800,ratio
public/shoppagepics/pics/Gummy Jpeg.jpg,288,360,ratio
public/shoppagepics/pics/Tropical Punch 4x5_thumb.jpg,640,800,ratio
public/shoppagepics/pics/e7bdc45f_medium.jpg,640,800,ratio
public/shoppagepics/pics/Copy of Cake Batter 4x5_thumb.jpg,640,800,ratio
public/shoppagepics/pics/reese.jpg,640,800,ratio
public/shoppagepics/pics/aa77bcb7_medium.jpg,640,800,ratio
public/shoppagepics/pics/aa33f5a4_medium.jpg,640,800,ratio
public/shoppagepics/pics/Fox Hole Bag.jpg,640,800,ratio
public/shoppagepics/pics/8ddd9fdc_medium.jpg,640,800,ratio
public/shoppagepics/pics/b81a4515_medium.jpg,640,800,ratio
public/shoppagepics/pics/layer_015_Layer 8.jpg,640,800,ratio
public/shoppagepics/pics/8e89ad08_medium.jpg,640,800,ratio
public/shoppagepics/pics/layer_014_Layer 12.jpg,640,800,ratio
public/shoppagepics/pics/34a3b347_medium.jpg,640,800,ratio
public/shoppagepics/pics/ad9b69d2_medium.jpg,640,800,ratio
public/shoppagepics/pics/7d7d19e6_medium.jpg,640,800,ratio
public/shoppagepics/pics/07771493_medium.jpg,640,800,ratio
public/shoppagepics/pics/fd2ca1ec_medium.jpg,640,800,ratio
public/shoppagepics/pics/3c35c7c9_medium.jpg,640,800,ratio
public/shoppagepics/pics/choc drizz jp.jpg,640,800,ratio
public/shoppagepics/pics/file-3x9GHEZazrVhXEzesKC3mS-Cherry Yummy Mylar Design .jpg,640,800,ratio
public/shoppagepics/pics/c80aae5f_medium.jpg,640,800,ratio
public/shoppagepics/pics/8f02913e_medium.jpg,640,800,ratio
public/shoppagepics/pics/bf57abcf_medium.jpg,640,800,ratio
public/shoppagepics/pics/03836203_medium.jpg,640,800,ratio
public/shoppagepics/pics/74092d0a_medium.jpg,640,800,ratio
public/shoppagepics/pics/b305e0d5_medium.jpg,640,800,ratio
